{"42": {"x": 0.8272928994082841, "y": 0.31640625, "x_step": 6, "y_step": 3}, "49": {"x": 0.041789940828402365, "y": 0.18984375, "x_step": 0, "y_step": 2}, "32": {"x": 0.041789940828402365, "y": 0.44296875, "x_step": 0, "y_step": 4}, "36": {"x": 0.8272928994082841, "y": 0.56953125, "x_step": 6, "y_step": 5}, "41": {"x": 0.17270710059171598, "y": 0.31640625, "x_step": 1, "y_step": 3}, "26": {"x": 0.9582100591715976, "y": 0.69609375, "x_step": 7, "y_step": 6}, "31": {"x": 0.17270710059171598, "y": 0.56953125, "x_step": 1, "y_step": 5}, "43": {"x": 0.8272928994082841, "y": 0.06328125, "x_step": 6, "y_step": 1}, "50": {"x": 0.9582100591715976, "y": 0.18984375, "x_step": 7, "y_step": 2}, "23": {"x": 0.041789940828402365, "y": 0.69609375, "x_step": 0, "y_step": 6}, "35": {"x": 0.9582100591715976, "y": 0.44296875, "x_step": 7, "y_step": 4}, "54": {"x": 0.17270710059171598, "y": 0.82265625, "x_step": 1, "y_step": 7}, "59": {"x": 0.8272928994082841, "y": 0.82265625, "x_step": 6, "y_step": 7}, "56": {"x": 0.041789940828402365, "y": 0.05703125, "x_step": 0, "y_step": 0}}